序号  ,价格      ,名称              ,产品链接            ,图片链接            ,店铺名             ,店铺链接            
   1,116.00  ,美国嘉宝米粉混合谷物2段+香蕉草莓+苹果蓝莓3段 婴儿辅食227g*3,//detail.tmall.com/item.htm?id=563091434911&ns=1&abbucket=0,//g-search2.alicdn.com/img/bao/uploaded/i4/i4/1879194783/TB19616cQCWBuNjy0FaXXXUlXXa_!!0-item_pic.jpg,环球e站海外专营店       ,//store.taobao.com/shop/view_shop.htm?user_number_id=1879194783
   2,51.00   ,嘉宝 番茄牛肉营养米粉米糊225g罐装3阶段 婴幼儿辅食宝宝米粉,//detail.tmall.com/item.htm?id=529398494706&ns=1&abbucket=0,//g-search1.alicdn.com/img/bao/uploaded/i4/i2/2616970884/TB14fV.cKuSBuNjy1XcXXcYjFXa_!!0-item_pic.jpg,苏宁易购官方旗舰店       ,//store.taobao.com/shop/view_shop.htm?user_number_id=2616970884
   3,125.00  ,美国进口Gerber嘉宝混合水果燕麦米粉四罐组合装/二段米糊227克,//item.taobao.com/item.htm?id=531865460978&ns=1&abbucket=0#detail,//g-search3.alicdn.com/img/bao/uploaded/i4/i2/1120598754/TB2nPxGaBjTBKNjSZFDXXbVgVXa_!!1120598754.jpg,o贝乐母婴o          ,//store.taobao.com/shop/view_shop.htm?user_number_id=1120598754
   4,139.00  ,美国Gerber嘉宝3段苹果草莓水果混合婴儿宝宝辅食米粉米糊4件组合,//item.taobao.com/item.htm?id=560958514533&ns=1&abbucket=0#detail,//g-search1.alicdn.com/img/bao/uploaded/i4/i4/69362816/TB1InOVXQ7mBKNjSZFyXXbydFXa_!!0-item_pic.jpg,mikihui510      ,//store.taobao.com/shop/view_shop.htm?user_number_id=69362816
   5,218.00  ,嘉宝Gerber2段3段水果蔬菜营养米粉组合装225g*4罐装6-36个月,//detail.tmall.com/item.htm?id=563498754207&ns=1&abbucket=0,//g-search1.alicdn.com/img/bao/uploaded/i4/i3/3564603456/TB1phSFcQ9WBuNjSspeXXaz5VXa_!!0-item_pic.jpg,gerber嘉宝旗舰店     ,//store.taobao.com/shop/view_shop.htm?user_number_id=3564603456
   6,55.00   ,Gerber嘉宝米粉3段混合蔬菜米粉225g 婴幼儿宝宝辅食,//detail.tmall.com/item.htm?id=520270401714&ns=1&abbucket=0,//g-search1.alicdn.com/img/bao/uploaded/i4/i1/725677994/TB1f63fcTlYBeNjSszcXXbwhFXa_!!0-item_pic.jpg,天猫超市            ,//store.taobao.com/shop/view_shop.htm?user_number_id=725677994
   7,214.00  ,【组合】美国嘉宝米粉组合(DHA*2+香蕉燕麦*2+燕麦+混合)227g*6,//detail.tmall.com/item.htm?id=539034723268&ns=1&abbucket=0,//g-search2.alicdn.com/img/bao/uploaded/i4/i3/2587036732/TB1Q4m.knnI8KJjSszgXXc8ApXa_!!0-item_pic.jpg,gerber海外旗舰店     ,//store.taobao.com/shop/view_shop.htm?user_number_id=2587036732
   8,108.00  ,2倍购买 Gerber嘉宝混合谷物米粉婴幼儿辅食米糊454g*2,//detail.tmall.com/item.htm?id=534828667239&ns=1&abbucket=0,//g-search3.alicdn.com/img/bao/uploaded/i4/i4/2587036732/TB1Ig9ldRLN8KJjSZFpXXbZaVXa_!!0-item_pic.jpg,gerber海外旗舰店     ,//store.taobao.com/shop/view_shop.htm?user_number_id=2587036732
   9,88.90   ,3罐装 美国进口Gerber嘉宝米粉二段婴儿混合谷物营养米糊宝宝辅食,//item.taobao.com/item.htm?id=560447260588&ns=1&abbucket=0#detail,//g-search3.alicdn.com/img/bao/uploaded/i4/i2/10063989/TB25P0mdxWYBuNjy1zkXXXGGpXa_!!10063989.jpg,弗劳思             ,//store.taobao.com/shop/view_shop.htm?user_number_id=10063989
  10,42.00   ,嘉宝Gerber婴幼儿辅食香蕉苹果草莓混合谷物米粉四段227g/罐,//detail.tmall.com/item.htm?id=536711523755&ns=1&abbucket=0,//g-search1.alicdn.com/img/bao/uploaded/i4/i1/2587036732/TB1.gK4kcbI8KJjy1zdXXbe1VXa_!!0-item_pic.jpg,gerber海外旗舰店     ,//store.taobao.com/shop/view_shop.htm?user_number_id=2587036732
  11,186.00  ,【组合】嘉宝米粉组合(DHA*2+香蕉燕麦+大米+燕麦+混合)227g*6,//detail.tmall.com/item.htm?id=539832780692&ns=1&abbucket=0,//g-search3.alicdn.com/img/bao/uploaded/i4/i1/2587036732/TB1T_gHcPgy_uJjSZK9XXXvlFXa_!!0-item_pic.jpg,gerber海外旗舰店     ,//store.taobao.com/shop/view_shop.htm?user_number_id=2587036732
  12,68.00   ,2倍购买 Gerber嘉宝混合谷物米粉婴幼儿辅食米糊227g*2,//detail.tmall.com/item.htm?id=534829831225&ns=1&abbucket=0,//g-search2.alicdn.com/img/bao/uploaded/i4/i2/2587036732/TB1Xc14knnI8KJjSszbXXb4KFXa_!!0-item_pic.jpg,gerber海外旗舰店     ,//store.taobao.com/shop/view_shop.htm?user_number_id=2587036732
  13,108.00  ,【组合】2倍购买 Gerber嘉宝进口宝宝大米米粉美国婴幼儿辅食454g,//detail.tmall.com/item.htm?id=534927057324&ns=1&abbucket=0,//g-search3.alicdn.com/img/bao/uploaded/i4/i2/2587036732/TB1zsLBdfQs8KJjSZFEXXc9RpXa_!!0-item_pic.jpg,gerber海外旗舰店     ,//store.taobao.com/shop/view_shop.htm?user_number_id=2587036732
  14,39.00   ,【直营】嘉宝Gerber婴幼儿辅食纯大米米粉一段6个月以上227g/罐,//detail.tmall.com/item.htm?id=551465809306&ns=1&abbucket=0,//g-search3.alicdn.com/img/bao/uploaded/i4/i2/2549841410/TB1218GdhWYBuNjy1zkXXXGGpXa_!!0-item_pic.jpg,天猫国际官方直营        ,//store.taobao.com/shop/view_shop.htm?user_number_id=2549841410
  15,107.00  ,【组合】美国嘉宝一二段燕麦米粉 燕麦香蕉+有机燕麦+燕麦227g*3,//detail.tmall.com/item.htm?id=553677233929&ns=1&abbucket=0,//g-search2.alicdn.com/img/bao/uploaded/i4/i4/2587036732/TB1kp4EkhrI8KJjy0FpXXb5hVXa_!!0-item_pic.jpg,gerber海外旗舰店     ,//store.taobao.com/shop/view_shop.htm?user_number_id=2587036732
  16,55.00   ,Gerber嘉宝米粉2段缤纷水果米粉225g 婴幼儿宝宝辅食,//detail.tmall.com/item.htm?id=13082654232&ns=1&abbucket=0,//g-search3.alicdn.com/img/bao/uploaded/i4/i3/725677994/TB1g..9cY5YBuNjSspoXXbeNFXa_!!0-item_pic.jpg,天猫超市            ,//store.taobao.com/shop/view_shop.htm?user_number_id=725677994
  17,39.00   ,【直营】嘉宝Gerber婴幼儿辅食香蕉草莓燕麦谷物米粉227g/罐,//detail.tmall.com/item.htm?id=552793011442&ns=1&abbucket=0,//g-search1.alicdn.com/img/bao/uploaded/i4/i3/2549841410/TB1wIv8atcnBKNjSZR0XXcFqFXa_!!0-item_pic.jpg,天猫国际官方直营        ,//store.taobao.com/shop/view_shop.htm?user_number_id=2549841410
  18,163.00  ,嘉宝Gerber缤纷水果 燕麦西梅 香蕉苹果营养米粉225g*3罐装6-36月,//detail.tmall.com/item.htm?id=563248300822&ns=1&abbucket=0,//g-search1.alicdn.com/img/bao/uploaded/i4/i1/3564603456/TB1GP3HXsj_B1NjSZFHXXaDWpXa_!!0-item_pic.jpg,gerber嘉宝旗舰店     ,//store.taobao.com/shop/view_shop.htm?user_number_id=3564603456
  19,33.00   ,美国进口gerber嘉宝米粉1段婴儿营养辅食高铁纯大米宝宝米糊一段,//detail.tmall.com/item.htm?id=540235689382&ns=1&abbucket=0,//g-search2.alicdn.com/img/bao/uploaded/i4/i3/2123524461/TB122ZfdhGYBuNjy0FnXXX5lpXa_!!0-item_pic.jpg,泡芙家海外专营店        ,//store.taobao.com/shop/view_shop.htm?user_number_id=2123524461
  20,108.00  ,3罐美国嘉宝婴儿米粉辅食Gerber1段2段3段4段宝宝进口DHA高铁米糊,//detail.tmall.com/item.htm?id=45815975502&ns=1&abbucket=0,//g-search2.alicdn.com/img/bao/uploaded/i4/i2/2257930835/TB19xxFl0rJ8KJjSspaXXXuKpXa_!!0-item_pic.jpg,讯升母婴海外专营店       ,//store.taobao.com/shop/view_shop.htm?user_number_id=2257930835
  21,55.00   ,Gerber嘉宝米粉2段 缤纷水果营养米粉米糊 婴儿辅食宝宝 6-36个月,//detail.tmall.com/item.htm?id=563088407802&ns=1&abbucket=0,//g-search2.alicdn.com/img/bao/uploaded/i4/i2/3564603456/TB1BiSDcFuWBuNjSszbXXcS7FXa_!!0-item_pic.jpg,gerber嘉宝旗舰店     ,//store.taobao.com/shop/view_shop.htm?user_number_id=3564603456
  22,72.00   ,嘉宝三段婴儿童米糊宝宝水果燕麦3段米粉辅食2罐组合装8-24个月,//item.taobao.com/item.htm?id=558725587842&ns=1&abbucket=0#detail,//g-search1.alicdn.com/img/bao/uploaded/i4/i1/910933581/TB1LIlzdeuSBuNjSsziXXbq8pXa_!!0-item_pic.jpg,yufang0188      ,//store.taobao.com/shop/view_shop.htm?user_number_id=910933581
  23,139.93  ,进口嘉宝米粉34段婴儿辅食*4罐（混合谷物*2+3段香蕉*1+4段草莓）,//detail.tmall.com/item.htm?id=562630116810&ns=1&abbucket=0,//g-search3.alicdn.com/img/bao/uploaded/i4/i4/2123524461/TB1uYVaaIj_B1NjSZFHXXaDWpXa_!!0-item_pic.jpg,泡芙家海外专营店        ,//store.taobao.com/shop/view_shop.htm?user_number_id=2123524461
  24,108.00  ,美国Gerber嘉宝4段香蕉苹果草莓混合谷物婴儿宝宝米粉米糊3件组合,//item.taobao.com/item.htm?id=560889157577&ns=1&abbucket=0#detail,//g-search2.alicdn.com/img/bao/uploaded/i4/i4/69362816/TB1oB51a9BYBeNjy0FeXXbnmFXa_!!0-item_pic.jpg,mikihui510      ,//store.taobao.com/shop/view_shop.htm?user_number_id=69362816
  25,49.00   ,嘉宝混合蔬菜营养米糊225g罐装3阶段婴幼儿辅食宝宝米粉,//detail.tmall.com/item.htm?id=551918269493&ns=1&abbucket=0,//g-search3.alicdn.com/img/bao/uploaded/i4/i2/2616970884/TB1pgx_cN1YBuNjy1zcXXbNcXXa_!!0-item_pic.jpg,苏宁易购官方旗舰店       ,//store.taobao.com/shop/view_shop.htm?user_number_id=2616970884
  26,32.00   ,美国Gerber嘉宝纯大米米粉1段高铁婴幼儿宝宝米糊营养辅食227g,//detail.tmall.com/item.htm?id=547017580479&ns=1&abbucket=0,//g-search3.alicdn.com/img/bao/uploaded/i4/i1/1986163697/TB1SQ3VdgaTBuNjSszfXXXgfpXa_!!0-item_pic.jpg,格兰国际海外专营店       ,//store.taobao.com/shop/view_shop.htm?user_number_id=1986163697
  27,38.80   ,【17年10月产】国产Gerber嘉宝米粉原味营养米粉1段【两桶包邮】,//item.taobao.com/item.htm?id=37804694928&ns=1&abbucket=0#detail,//g-search1.alicdn.com/img/bao/uploaded/i4/i4/389890773/TB2pESpd2DH8KJjy1XcXXcpdXXa_!!389890773.jpg,lvzhiqi_2009    ,//store.taobao.com/shop/view_shop.htm?user_number_id=389890773
  28,55.00   ,美国嘉宝Gerber 三段 3段混合谷物米粉/婴幼儿米糊454g 宝宝辅食,//item.taobao.com/item.htm?id=3166800739&ns=1&abbucket=0#detail,//g-search3.alicdn.com/img/bao/uploaded/i4/i3/202980389/TB2dQzMncbI8KJjy1zdXXbe1VXa_!!202980389.jpg,嘉嘉之梦            ,//store.taobao.com/shop/view_shop.htm?user_number_id=202980389
  29,161.00  ,嘉宝番茄牛肉 燕麦 胡萝卜营养米粉米糊225g*3罐装6-36个月,//detail.tmall.com/item.htm?id=563328456991&ns=1&abbucket=0,//g-search3.alicdn.com/img/bao/uploaded/i4/i3/3564603456/TB17VOgaxuTBuNkHFNRXXc9qpXa_!!0-item_pic.jpg,gerber嘉宝旗舰店     ,//store.taobao.com/shop/view_shop.htm?user_number_id=3564603456
  30,42.00   ,嘉宝Gerber婴幼儿辅食香蕉草莓燕麦谷物米粉三段8个月以上227g/罐,//detail.tmall.com/item.htm?id=536820677547&ns=1&abbucket=0,//g-search3.alicdn.com/img/bao/uploaded/i4/i1/2587036732/TB1sSjZkf2H8KJjy1zkXXXr7pXa_!!0-item_pic.jpg,gerber海外旗舰店     ,//store.taobao.com/shop/view_shop.htm?user_number_id=2587036732
  31,68.00   ,美国进口Gerber嘉宝混合水果燕麦米粉两罐组合装/四段米糊227克,//item.taobao.com/item.htm?id=548915272092&ns=1&abbucket=0#detail,//g-search3.alicdn.com/img/bao/uploaded/i4/i3/1120598754/TB2iwuycStYBeNjSspaXXaOOFXa_!!1120598754.jpg,o贝乐母婴o          ,//store.taobao.com/shop/view_shop.htm?user_number_id=1120598754
  32,110.00  ,Gerber嘉宝米粉3段混合蔬菜米粉 两罐新旧包装随机发,//detail.tmall.com/item.htm?id=534573615994&ns=1&abbucket=0,//g-search3.alicdn.com/img/bao/uploaded/i4/i2/725677994/TB1ZJoVayCYBuNkHFCcXXcHtVXa_!!0-item_pic.jpg,天猫超市            ,//store.taobao.com/shop/view_shop.htm?user_number_id=725677994
  33,101.00  ,Gerber嘉宝米粉 1段 两罐组合  营养原味+钙铁锌,//detail.tmall.com/item.htm?id=536847031903&ns=1&abbucket=0,//g-search3.alicdn.com/img/bao/uploaded/i4/i4/725677994/TB1Tbs6bkSWBuNjSszdXXbeSpXa_!!0-item_pic.jpg,天猫超市            ,//store.taobao.com/shop/view_shop.htm?user_number_id=725677994
  34,70.00   ,2倍购买 Gerber嘉宝燕麦香蕉米粉婴幼儿辅食米糊227g*2,//detail.tmall.com/item.htm?id=534936730031&ns=1&abbucket=0,//g-search3.alicdn.com/img/bao/uploaded/i4/i1/2587036732/TB1zWaldRfM8KJjSZFrXXXSdXXa_!!0-item_pic.jpg,gerber海外旗舰店     ,//store.taobao.com/shop/view_shop.htm?user_number_id=2587036732
  35,161.00  ,Gerber嘉宝米粉 2段 米粉三罐组合 豌豆+南瓜+水果,//detail.tmall.com/item.htm?id=534574151394&ns=1&abbucket=0,//g-search2.alicdn.com/img/bao/uploaded/i4/i3/725677994/TB1dYrebr5YBuNjSspoXXbeNFXa_!!0-item_pic.jpg,天猫超市            ,//store.taobao.com/shop/view_shop.htm?user_number_id=725677994
  36,156.00  ,嘉宝Gerber 有机原味+香蕉苹果营养米粉米糊225g 两罐装 6-36个月,//detail.tmall.com/item.htm?id=563431853815&ns=1&abbucket=0,//g-search1.alicdn.com/img/bao/uploaded/i4/i1/3564603456/TB1Lse1cH9YBuNjy0FgXXcxcXXa_!!0-item_pic.jpg,gerber嘉宝旗舰店     ,//store.taobao.com/shop/view_shop.htm?user_number_id=3564603456
  37,276.00  ,雀巢嘉宝米粉6罐组合 胡萝卜+水果+菠菜+牛肉+南瓜+西梅婴儿辅食,//detail.tmall.com/item.htm?id=37495076330&ns=1&abbucket=0,//g-search3.alicdn.com/img/bao/uploaded/i4/i4/1687665842/TB1pFIrXFooBKNjSZPhXXc2CXXa_!!0-item_pic.jpg,贝斐母婴专营店         ,//store.taobao.com/shop/view_shop.htm?user_number_id=1687665842
  38,39.00   ,【直营】嘉宝Gerber婴幼儿辅食有机燕麦米粉一段6个月以上227g/罐,//detail.tmall.com/item.htm?id=552753154069&ns=1&abbucket=0,//g-search3.alicdn.com/img/bao/uploaded/i4/i4/2549841410/TB1El1DgTTI8KJjSsphXXcFppXa_!!0-item_pic.jpg,天猫国际官方直营        ,//store.taobao.com/shop/view_shop.htm?user_number_id=2549841410
  39,110.00  ,嘉宝Gerber鳕鱼蔬菜番茄牛肉营养米粉米糊225g罐装 3阶段8-36个月,//detail.tmall.com/item.htm?id=563487222700&ns=1&abbucket=0,//g-search2.alicdn.com/img/bao/uploaded/i4/i2/3564603456/TB1YHGOcH5YBuNjSspoXXbeNFXa_!!0-item_pic.jpg,gerber嘉宝旗舰店     ,//store.taobao.com/shop/view_shop.htm?user_number_id=3564603456
  40,39.00   ,美国嘉宝三段婴儿童米糊宝宝香蕉草莓燕麦3段米粉8-24个月辅食,//item.taobao.com/item.htm?id=536807174080&ns=1&abbucket=0#detail,//g-search3.alicdn.com/img/bao/uploaded/i4/i3/910933581/TB1kMtEdbSYBuNjSspfXXcZCpXa_!!0-item_pic.jpg,yufang0188      ,//store.taobao.com/shop/view_shop.htm?user_number_id=910933581
  41,174.00  ,【组合】Gerber嘉宝大规格米粉454g*3(混合谷物*2+大米*1),//detail.tmall.com/item.htm?id=525045624870&ns=1&abbucket=0,//g-search1.alicdn.com/img/bao/uploaded/i4/i4/2587036732/TB1WArjbwDD8KJjy0FdXXcjvXXa_!!0-item_pic.jpg,gerber海外旗舰店     ,//store.taobao.com/shop/view_shop.htm?user_number_id=2587036732
  42,106.00  ,Gerber嘉宝米粉 1段 钙铁锌+胡萝卜 两罐组合225g/罐,//detail.tmall.com/item.htm?id=564104944588&ns=1&abbucket=0,//g-search2.alicdn.com/img/bao/uploaded/i4/i1/725677994/TB1YRk_bbSYBuNjSspfXXcZCpXa_!!0-item_pic.jpg,天猫超市            ,//store.taobao.com/shop/view_shop.htm?user_number_id=725677994
  43,34.00   ,Gerber美国嘉宝米粉1段DHA益生菌婴儿高铁米糊进口大米宝宝辅食,//item.taobao.com/item.htm?id=43310599082&ns=1&abbucket=0#detail,//g-search3.alicdn.com/img/bao/uploaded/i4/i2/25929435/TB2GicYhTnI8KJjSszgXXc8ApXa_!!25929435.jpg,glp19821013     ,//store.taobao.com/shop/view_shop.htm?user_number_id=25929435
  44,78.00   ,【直营】嘉宝Gerber婴幼儿辅食DHA益生菌大米米粉227g*2,//detail.tmall.com/item.htm?id=556748077001&ns=1&abbucket=0,//g-search3.alicdn.com/img/bao/uploaded/i4/i2/2549841410/TB1VJ2Vdb1YBuNjSszeXXablFXa_!!0-item_pic.jpg,天猫国际官方直营        ,//store.taobao.com/shop/view_shop.htm?user_number_id=2549841410
  45,165.00  ,嘉宝番茄牛肉 鳕鱼蔬菜 混合蔬菜营养米粉米糊225g*3罐装8-36个月,//detail.tmall.com/item.htm?id=563494735279&ns=1&abbucket=0,//g-search2.alicdn.com/img/bao/uploaded/i4/i2/3564603456/TB1BaI7XBsmBKNjSZFFXXcT9VXa_!!0-item_pic.jpg,gerber嘉宝旗舰店     ,//store.taobao.com/shop/view_shop.htm?user_number_id=3564603456
  46,29.50   ,美国 嘉宝米粉水果味/谷物系列备注 婴儿辅食 227g*6罐/箱,//item.taobao.com/item.htm?id=565406714594&ns=1&abbucket=0#detail,//g-search2.alicdn.com/img/bao/uploaded/i4/i3/1607362953/TB2lh6hbNWYBuNjy1zkXXXGGpXa_!!1607362953.jpg,香之汇食品           ,//store.taobao.com/shop/view_shop.htm?user_number_id=1607362953
  47,59.00   ,加拿大直邮GERBER嘉宝有机米粉米糊高钙高铁2种口味4月以上208g,//item.taobao.com/item.htm?id=538151806975&ns=1&abbucket=0#detail,//g-search1.alicdn.com/img/bao/uploaded/i4/i3/2927793357/TB1aYnppb_I8KJjy1XaXXbsxpXa_!!0-item_pic.jpg,lufugong777     ,//store.taobao.com/shop/view_shop.htm?user_number_id=2927793357
  48,35.00   ,美国 GERBER嘉宝 婴幼儿米粉米糊1-3段大米 DHA 水果味1-3段可选,//item.taobao.com/item.htm?id=560959618879&ns=1&abbucket=0#detail,//g-search1.alicdn.com/img/bao/uploaded/i4/i3/90135177/TB26JKMncnI8KJjSsziXXb8QpXa_!!90135177.jpg,jojo_lsbu       ,//store.taobao.com/shop/view_shop.htm?user_number_id=90135177
  49,36.00   ,香港进口美国Gerber嘉宝米粉dha益生菌婴儿米糊1段宝宝营养辅食,//item.taobao.com/item.htm?id=41796642209&ns=1&abbucket=0#detail,//g-search2.alicdn.com/img/bao/uploaded/i4/i4/156704254/TB2j1oCcNSYBuNjSspjXXX73VXa_!!156704254.jpg,汇宝商店            ,//store.taobao.com/shop/view_shop.htm?user_number_id=156704254
  50,99.00   ,[SOSO跨境]美国原装Gerber嘉宝1段DHA大米益生菌米粉随机(两罐装),//item.taobao.com/item.htm?id=558238896879&ns=1&abbucket=0#detail,//g-search2.alicdn.com/img/bao/uploaded/i4/i2/3173072639/TB2KdjweKEJL1JjSZFGXXa6OXXa_!!3173072639.png,qtools_hz       ,//store.taobao.com/shop/view_shop.htm?user_number_id=3173072639
  51,9.90    ,美国嘉宝Gerber长柄软头勺 米糊勺米粉勺 宝宝辅食训练勺子  拆单,//item.taobao.com/item.htm?id=39828215074&ns=1&abbucket=0#detail,//g-search3.alicdn.com/img/bao/uploaded/i4/i3/26875674/TB2hSlYiMRkpuFjy1zeXXc.6FXa_!!26875674.jpg,chaibing1978    ,//store.taobao.com/shop/view_shop.htm?user_number_id=26875674
  52,35.00   ,嘉宝苹果甜署米粉婴儿2段高铁宝宝红薯米糊辅食钙铁锌6-18-36个月,//item.taobao.com/item.htm?id=563741352777&ns=1&abbucket=0#detail,//g-search1.alicdn.com/img/bao/uploaded/i4/i2/1846801068/TB2LmFxeqLN8KJjSZFGXXbjrVXa_!!1846801068.jpg,唐世鱼tsy          ,//store.taobao.com/shop/view_shop.htm?user_number_id=1846801068
  53,55.00   ,加版Gerber嘉宝多口味营养米粉227g,//item.taobao.com/item.htm?id=554435962362&ns=1&abbucket=0#detail,//g-search1.alicdn.com/img/bao/uploaded/i4/i1/1023567619/TB2ImNGvgRkpuFjy1zeXXc.6FXa_!!0-taoxiaopu_sell.jpg,单身驿站11号店        ,//store.taobao.com/shop/view_shop.htm?user_number_id=1023567619
  54,154.00  ,嘉宝Gerber原味钙铁锌胡萝卜米粉225g*3罐组合套装辅食初期,//detail.tmall.com/item.htm?id=562960624385&ns=1&abbucket=0,//g-search3.alicdn.com/img/bao/uploaded/i4/i4/3564603456/TB1b.qbasyYBuNkSnfoXXcWgVXa_!!0-item_pic.jpg,gerber嘉宝旗舰店     ,//store.taobao.com/shop/view_shop.htm?user_number_id=3564603456
  55,114.00  ,3倍购买 美国进口Gerber嘉宝1段DHA益生菌米粉米糊227g*3,//detail.tmall.com/item.htm?id=521586875444&ns=1&abbucket=0,//g-search3.alicdn.com/img/bao/uploaded/i4/i2/2587036732/TB14MUko8HH8KJjy0FbXXcqlpXa_!!0-item_pic.jpg,gerber海外旗舰店     ,//store.taobao.com/shop/view_shop.htm?user_number_id=2587036732
  56,39.00   ,美国嘉宝米粉1段DHA高铁大米米糊幼儿宝宝婴儿童一段辅食4-6个月,//item.taobao.com/item.htm?id=35863654640&ns=1&abbucket=0#detail,//g-search1.alicdn.com/img/bao/uploaded/i4/i1/910933581/TB1c68jdXuWBuNjSszbXXcS7FXa_!!0-item_pic.jpg,yufang0188      ,//store.taobao.com/shop/view_shop.htm?user_number_id=910933581
  57,47.00   ,嘉宝 营养米粉米糊225g罐装1阶段 婴幼儿辅食宝宝米粉,//detail.tmall.com/item.htm?id=524799622154&ns=1&abbucket=0,//g-search1.alicdn.com/img/bao/uploaded/i4/i1/2616970884/TB1yLkHdh1YBuNjy1zcXXbNcXXa_!!0-item_pic.jpg,苏宁易购官方旗舰店       ,//store.taobao.com/shop/view_shop.htm?user_number_id=2616970884
  58,151.00  ,Gerber嘉宝米粉 3段 三罐组合 蔬菜+牛肉+燕麦,//detail.tmall.com/item.htm?id=536996140783&ns=1&abbucket=0,//g-search3.alicdn.com/img/bao/uploaded/i4/i3/725677994/TB13eZOaDmWBKNjSZFBXXXxUFXa_!!0-item_pic.jpg,天猫超市            ,//store.taobao.com/shop/view_shop.htm?user_number_id=725677994
  59,48.00   ,嘉宝Gerber营养米粉米糊225g罐装1阶段6个月初期,//detail.tmall.com/item.htm?id=562830496721&ns=1&abbucket=0,//g-search2.alicdn.com/img/bao/uploaded/i4/i3/3564603456/TB1Dt3YauuSBuNjSsziXXbq8pXa_!!0-item_pic.jpg,gerber嘉宝旗舰店     ,//store.taobao.com/shop/view_shop.htm?user_number_id=3564603456
  60,35.00   ,美国嘉宝米粉1段婴儿高铁钙锌营养辅食 纯大米米糊4-6个月227g,//detail.tmall.com/item.htm?id=547143057771&ns=1&abbucket=0,//g-search2.alicdn.com/img/bao/uploaded/i4/i3/2183588465/TB1x3fzaN1YBuNjy1zcXXbNcXXa_!!0-item_pic.jpg,斯诺宝海外专营店        ,//store.taobao.com/shop/view_shop.htm?user_number_id=2183588465
  61,39.00   ,美国嘉宝米粉 婴儿 辅食1段DHA高铁大米米粉宝宝米糊 钙铁锌227g,//detail.tmall.com/item.htm?id=552865082827&ns=1&abbucket=0,//g-search2.alicdn.com/img/bao/uploaded/i4/i1/1879194783/TB12yRbchWYBuNjy1zkXXXGGpXa_!!0-item_pic.jpg,环球e站海外专营店       ,//store.taobao.com/shop/view_shop.htm?user_number_id=1879194783
  62,156.00  ,嘉宝Gerber番茄牛肉+原味+菠菜营养米粉米糊225g*3罐组合,//detail.tmall.com/item.htm?id=563129262930&ns=1&abbucket=0,//g-search3.alicdn.com/img/bao/uploaded/i4/i2/3564603456/TB1ej78XAomBKNjSZFqXXXtqVXa_!!0-item_pic.jpg,gerber嘉宝旗舰店     ,//store.taobao.com/shop/view_shop.htm?user_number_id=3564603456
  63,48.00   ,Gerber嘉宝米粉1段营养米粉 225g 婴幼儿宝宝辅食,//detail.tmall.com/item.htm?id=14023444768&ns=1&abbucket=0,//g-search2.alicdn.com/img/bao/uploaded/i4/i3/725677994/TB1EnODcSCWBuNjy0FhXXb6EVXa_!!0-item_pic.jpg,天猫超市            ,//store.taobao.com/shop/view_shop.htm?user_number_id=725677994
  64,35.00   ,嘉宝米粉2段婴儿混合谷物高铁米粉 美国宝宝米糊二段营养辅食227g,//detail.tmall.com/item.htm?id=547087586485&ns=1&abbucket=0,//g-search2.alicdn.com/img/bao/uploaded/i4/i1/1879194783/TB1laARb3mTBuNjy1XbXXaMrVXa_!!0-item_pic.jpg,环球e站海外专营店       ,//store.taobao.com/shop/view_shop.htm?user_number_id=1879194783
  65,68.00   ,2倍购买 Gerber嘉宝米粉进口大米米粉婴幼儿辅食227g*2,//detail.tmall.com/item.htm?id=535756759889&ns=1&abbucket=0,//g-search3.alicdn.com/img/bao/uploaded/i4/i2/2587036732/TB1nk34j3vD8KJjSsplXXaIEFXa_!!0-item_pic.jpg,gerber海外旗舰店     ,//store.taobao.com/shop/view_shop.htm?user_number_id=2587036732
  66,138.00  ,包邮 雀巢嘉宝米粉3罐装 1段2段3段婴儿宝宝营养辅食米糊含益生菌,//detail.tmall.com/item.htm?id=523780498056&ns=1&abbucket=0,//g-search3.alicdn.com/img/bao/uploaded/i4/i3/1687665842/TB1qxvkcQOWBuNjSsppXXXPgpXa_!!0-item_pic.jpg,贝斐母婴专营店         ,//store.taobao.com/shop/view_shop.htm?user_number_id=1687665842
  67,39.00   ,【直营】嘉宝Gerber婴幼儿辅食DHA益生菌大米米粉227g/罐,//detail.tmall.com/item.htm?id=551408444981&ns=1&abbucket=0,//g-search1.alicdn.com/img/bao/uploaded/i4/i3/2549841410/TB17dXIdkCWBuNjy0FaXXXUlXXa_!!0-item_pic.jpg,天猫国际官方直营        ,//store.taobao.com/shop/view_shop.htm?user_number_id=2549841410
  68,34.00   ,美国嘉宝米粉1段宝宝营养高铁DHA米糊米粉 婴儿 辅食4-36个月227g,//item.taobao.com/item.htm?id=552565720744&ns=1&abbucket=0#detail,//g-search2.alicdn.com/img/bao/uploaded/i4/i2/1972472181/TB2Ld0LaOCYBuNkSnaVXXcMsVXa_!!1972472181.jpg,正义哥之家           ,//store.taobao.com/shop/view_shop.htm?user_number_id=1972472181
  69,175.90  ,Gerber/嘉宝米粉婴儿1段2段3段雀巢嘉宝米粉宝宝225g*4罐含益生菌,//item.taobao.com/item.htm?id=533885577872&ns=1&abbucket=0#detail,//g-search2.alicdn.com/img/bao/uploaded/i4/i4/1937561454/TB2IFPHdf9TBuNjy0FcXXbeiFXa_!!1937561454.jpg,奶妈母婴商城          ,//store.taobao.com/shop/view_shop.htm?user_number_id=1937561454
  70,98.00   ,美国Gerber嘉宝米粉3段高铁婴幼儿宝宝辅食营养米糊原装进口3罐装,//item.taobao.com/item.htm?id=540746683177&ns=1&abbucket=0#detail,//g-search3.alicdn.com/img/bao/uploaded/i4/i2/2691369221/TB13KularZnBKNjSZFGXXbt3FXa_!!0-item_pic.jpg,熊抱环球            ,//store.taobao.com/shop/view_shop.htm?user_number_id=2691369221
  71,35.00   ,美国嘉宝婴儿混合谷物米糊幼儿宝宝2段营养米粉儿童辅食6-18个月,//item.taobao.com/item.htm?id=35801835889&ns=1&abbucket=0#detail,//g-search2.alicdn.com/img/bao/uploaded/i4/i3/910933581/TB1pH8kdmCWBuNjy0FhXXb6EVXa_!!0-item_pic.jpg,yufang0188      ,//store.taobao.com/shop/view_shop.htm?user_number_id=910933581
  72,108.00  ,HZ美国进口GERBER嘉宝大米米粉米糊添加DHA益生菌1段 宝宝辅食4罐,//item.taobao.com/item.htm?id=542911346969&ns=1&abbucket=0#detail,//g-search3.alicdn.com/img/bao/uploaded/i4/i1/202980389/TB2stVYoNPI8KJjSspfXXcCFXXa_!!202980389.jpg,嘉嘉之梦            ,//store.taobao.com/shop/view_shop.htm?user_number_id=202980389
  73,78.00   ,【新品上市】嘉宝Gerber有机原味营养米粉225g*1罐装1阶段6个月,//detail.tmall.com/item.htm?id=563408758794&ns=1&abbucket=0,//g-search3.alicdn.com/img/bao/uploaded/i4/i2/3564603456/TB1sVaNaDdYBeNkSmLyXXXfnVXa_!!0-item_pic.jpg,gerber嘉宝旗舰店     ,//store.taobao.com/shop/view_shop.htm?user_number_id=3564603456
  74,95.00   ,美国Gerber嘉宝米粉4段高铁宝宝米糊营养辅食香蕉草莓覆盆子组合,//item.taobao.com/item.htm?id=564304691455&ns=1&abbucket=0#detail,//g-search3.alicdn.com/img/bao/uploaded/i4/i2/2691369221/TB1GBnmcL9TBuNjy0FcXXbeiFXa_!!0-item_pic.jpg,熊抱环球            ,//store.taobao.com/shop/view_shop.htm?user_number_id=2691369221
  75,99.92   ,进口gerber嘉宝米粉3段婴儿辅食米糊 香蕉草莓*1+高铁混合谷物*2,//detail.tmall.com/item.htm?id=559391561257&ns=1&abbucket=0,//g-search3.alicdn.com/img/bao/uploaded/i4/i1/2123524461/TB1ZgkcdhSYBuNjSspjXXX73VXa_!!0-item_pic.jpg,泡芙家海外专营店        ,//store.taobao.com/shop/view_shop.htm?user_number_id=2123524461
  76,39.00   ,美国嘉宝DHA益生菌 大米米粉GERBER婴儿米糊钙铁锌进口1段辅食4m+,//item.taobao.com/item.htm?id=2751256091&ns=1&abbucket=0#detail,//g-search3.alicdn.com/img/bao/uploaded/i4/i2/202980389/TB28.55cgaTBuNjSszfXXXgfpXa_!!202980389.jpg,嘉嘉之梦            ,//store.taobao.com/shop/view_shop.htm?user_number_id=202980389
  77,106.00  ,【组合】Gerber嘉宝米粉3罐组合(DHA益生菌+大米+燕麦)227g*3,//detail.tmall.com/item.htm?id=521710450640&ns=1&abbucket=0,//g-search3.alicdn.com/img/bao/uploaded/i4/i4/2587036732/TB1fQyekh6I8KJjy0FgXXXXzVXa_!!0-item_pic.jpg,gerber海外旗舰店     ,//store.taobao.com/shop/view_shop.htm?user_number_id=2587036732
  78,165.00  ,嘉宝Gerber水果 混合蔬菜谷物营养米粉米糊225g*3罐装6-36个月,//detail.tmall.com/item.htm?id=563351157118&ns=1&abbucket=0,//g-search3.alicdn.com/img/bao/uploaded/i4/i3/3564603456/TB169XtXLiSBuNkSnhJXXbDcpXa_!!0-item_pic.jpg,gerber嘉宝旗舰店     ,//store.taobao.com/shop/view_shop.htm?user_number_id=3564603456
  79,159.00  ,嘉宝Gerber菠菜 南瓜 豌豆 营养米粉米糊225g*3罐组合6-36月,//detail.tmall.com/item.htm?id=563248560489&ns=1&abbucket=0,//g-search1.alicdn.com/img/bao/uploaded/i4/i2/3564603456/TB18SE1aASWBuNjSszdXXbeSpXa_!!0-item_pic.jpg,gerber嘉宝旗舰店     ,//store.taobao.com/shop/view_shop.htm?user_number_id=3564603456
  80,114.00  ,3倍购买 嘉宝Gerber燕麦DHA益生菌燕麦米粉一段辅食初期227g*3,//detail.tmall.com/item.htm?id=556391475835&ns=1&abbucket=0,//g-search2.alicdn.com/img/bao/uploaded/i4/i4/2587036732/TB1AxzskcjI8KJjSsppXXXbyVXa_!!0-item_pic.jpg,gerber海外旗舰店     ,//store.taobao.com/shop/view_shop.htm?user_number_id=2587036732
  81,126.00  ,【组合】美国嘉宝3段米粉（苹果肉桂+香蕉草莓+苹果蓝莓)227g*3,//detail.tmall.com/item.htm?id=539428359696&ns=1&abbucket=0,//g-search1.alicdn.com/img/bao/uploaded/i4/i4/2587036732/TB1S54bkhrI8KJjy0FpXXb5hVXa_!!0-item_pic.jpg,gerber海外旗舰店     ,//store.taobao.com/shop/view_shop.htm?user_number_id=2587036732
  82,55.00   ,Gerber嘉宝米粉3段番茄牛肉米粉225g 婴幼儿宝宝辅食,//detail.tmall.com/item.htm?id=14023480446&ns=1&abbucket=0,//g-search3.alicdn.com/img/bao/uploaded/i4/i4/725677994/TB1XF7NcTtYBeNjy1XdXXXXyVXa_!!0-item_pic.jpg,天猫超市            ,//store.taobao.com/shop/view_shop.htm?user_number_id=725677994
  83,149.00  ,【直营】嘉宝Gerber婴幼儿辅食DHA益生菌大米米粉227g*4,//detail.tmall.com/item.htm?id=556662148011&ns=1&abbucket=0,//g-search3.alicdn.com/img/bao/uploaded/i4/i3/2549841410/TB1qTXadER1BeNjy0FmXXb0wVXa_!!0-item_pic.jpg,天猫国际官方直营        ,//store.taobao.com/shop/view_shop.htm?user_number_id=2549841410
  84,53.00   ,Gerber嘉宝米粉1段钙铁锌麦粉225g 婴幼儿宝宝辅食,//detail.tmall.com/item.htm?id=520270699637&ns=1&abbucket=0,//g-search3.alicdn.com/img/bao/uploaded/i4/i3/725677994/TB19XQ3c1SSBuNjy0FlXXbBpVXa_!!0-item_pic.jpg,天猫超市            ,//store.taobao.com/shop/view_shop.htm?user_number_id=725677994
  85,158.00  ,嘉宝Gerber缤纷水果番茄牛肉原味营养米粉米糊225g*3罐6-36月,//detail.tmall.com/item.htm?id=563350305418&ns=1&abbucket=0,//g-search2.alicdn.com/img/bao/uploaded/i4/i4/3564603456/TB1rsWZcQCWBuNjy0FaXXXUlXXa_!!0-item_pic.jpg,gerber嘉宝旗舰店     ,//store.taobao.com/shop/view_shop.htm?user_number_id=3564603456
  86,82.00   ,【组合】美国嘉宝4段香蕉苹果草莓+草莓树莓混合谷物米粉227g*2,//detail.tmall.com/item.htm?id=539429562075&ns=1&abbucket=0,//g-search3.alicdn.com/img/bao/uploaded/i4/i2/2587036732/TB1GLoGcPgy_uJjSZKzXXb_jXXa_!!0-item_pic.jpg,gerber海外旗舰店     ,//store.taobao.com/shop/view_shop.htm?user_number_id=2587036732
  87,39.00   ,【直营】嘉宝Gerber婴幼儿辅食全麦谷物米粉二段6个月以上227g/罐,//detail.tmall.com/item.htm?id=553592297290&ns=1&abbucket=0,//g-search3.alicdn.com/img/bao/uploaded/i4/i3/2549841410/TB1YuJHdf5TBuNjSspmXXaDRVXa_!!0-item_pic.jpg,天猫国际官方直营        ,//store.taobao.com/shop/view_shop.htm?user_number_id=2549841410
  88,163.00  ,嘉宝Gerber南瓜 燕麦西梅 缤纷水果米粉米糊225g*3罐三口味,//detail.tmall.com/item.htm?id=563063461843&ns=1&abbucket=0,//g-search1.alicdn.com/img/bao/uploaded/i4/i4/3564603456/TB1.HEQaxSYBuNjSsphXXbGvVXa_!!0-item_pic.jpg,gerber嘉宝旗舰店     ,//store.taobao.com/shop/view_shop.htm?user_number_id=3564603456
